{"cameraMode":{"drawMode":0,"name":"Shaded","section":"Shading Mode"},"sceneLighting":true,"audioPlay":false,"sceneViewState":{"showFog":true,"showMaterialUpdate":false,"showSkybox":true,"showFlares":true,"showImageEffects":true,"showParticleSystems":true},"in2DMode":false,"pivot":{"x":0.7883172035217285,"y":-0.8056378364562988,"z":1.1909868717193604},"rotation":{"x":-0.32851940393447878,"y":0.37947916984558108,"z":-0.1462731957435608,"w":-0.8525784015655518},"size":8.60050106048584,"orthographic":false}